time,net.AccessPoint.application.delay:vector
11.729562227363,0.236222
11.839549441069,0.346209
11.883573043609,0.390233
11.926564615469,0.433224
12.006569061571,0.513229
12.047571830613,0.554232
12.088554430111,0.595214
12.129552562831,0.636212
12.180561256039,0.687221
12.228567574427,0.735227
12.275556720169,0.782217
12.347556380977,0.854216
12.398550906167,0.905211
12.438551455837,0.945211
12.479562574877,0.986222
12.569561099953,1.07622
12.614562415545,1.12122
12.655554332387,1.16221
12.695558358103,1.20222
12.746567093513,1.25323
12.796567370821,1.30323
12.880569007645,1.38723
13.007563633951,1.51422
13.067556160125,1.57422
13.170554003005,1.67721
31.763556160125,0.270216
31.826562415545,0.333222
31.867567574427,0.374227
31.915569007645,0.422229
31.958554430111,0.465214
31.998561256039,0.505221
32.040567093513,0.547227
32.094564453491,0.601224
32.148569028841,0.655229
32.196563633951,0.703223
32.239550906167,0.746211
32.282562574877,0.789222
32.322562227363,0.829222
32.382554003005,0.889214
32.427558358103,0.934218
32.471573043609,0.978233
32.519556720169,1.02622
32.567549441069,1.07421
32.611561099953,1.11822
32.674554332387,1.18121
32.732552562831,1.23921
32.773556380977,1.28022
32.818564615469,1.32522
32.930569061571,1.43723
33.012571830613,1.51923
51.619567370821,0.126227
51.660561099953,0.167221
51.768552562831,0.275212
51.808567574427,0.315227
51.852550906167,0.359211
51.895558358103,0.402218
51.936573043609,0.443233
51.979554430111,0.486214
52.020564615469,0.527224
52.061569028841,0.568229
52.103569061571,0.610229
52.152549441069,0.659209
52.198569007645,0.705229
52.241562415545,0.748222
52.291562574877,0.798222
52.350551455837,0.857211
52.392562227363,0.899222
52.434554003005,0.941214
52.485561256039,0.992221
52.527556160125,1.03422
52.580563633951,1.08722
52.626556380977,1.13322
52.726564453491,1.23322
52.768556720169,1.27522
52.926571830613,1.43323
71.744554003005,0.251214
71.789561099953,0.296221
71.842567370821,0.349227
71.883567093513,0.390227
71.924562574877,0.431222
71.964569007645,0.471229
72.014569028841,0.521229
72.066562415545,0.573222
72.107567574427,0.614227
72.157573043609,0.664233
72.216563633951,0.723223
72.260556160125,0.767216
72.317562227363,0.824222
72.370554430111,0.877214
72.432551455837,0.939211
72.484558358103,0.991218
72.527564615469,1.03422
72.567561256039,1.07422
72.608571830613,1.11523
72.696556720169,1.20322
72.746554332387,1.25321
72.815550906167,1.32221
72.895564453491,1.40222
72.998549441069,1.50521
73.112552562831,1.61921
91.841552562831,0.348212
91.886567093513,0.393227
91.928569028841,0.435229
91.969562415545,0.476222
92.014571830613,0.521232
92.061554332387,0.568214
92.117556380977,0.624216
92.161573043609,0.668233
92.215567574427,0.722227
92.320561099953,0.827221
92.368563633951,0.875223
92.412567370821,0.919227
92.469550906167,0.976211
92.518562227363,1.02522
92.562564615469,1.06922
92.619558358103,1.12622
92.659569007645,1.16623
92.710554003005,1.21721
92.756556720169,1.26322
92.828562574877,1.33522
92.936551455837,1.44321
92.980554430111,1.48721
93.052549441069,1.55921
93.137556160125,1.64422
93.192561256039,1.69922
111.618556160125,0.125216
111.659562415545,0.166222
111.708573043609,0.215233
111.759558358103,0.266218
111.803567093513,0.310227
111.848561099953,0.355221
111.888561256039,0.395221
111.930563633951,0.437223
111.992564453491,0.499224
112.032567370821,0.539227
112.077567574427,0.584227
112.162552562831,0.669212
112.221571830613,0.728232
112.271556720169,0.778217
112.313549441069,0.820209
112.389564615469,0.896224
112.432562227363,0.939222
112.482550906167,0.989211
112.543569028841,1.05023
112.633554003005,1.14021
112.706554430111,1.21321
112.755562574877,1.26222
112.849556380977,1.35622
112.980569007645,1.48723
113.117554332387,1.62421
131.642564453491,0.149224
131.682552562831,0.189212
131.726573043609,0.233233
131.774562227363,0.281222
131.818549441069,0.325209
131.858551455837,0.365211
131.900567574427,0.407227
131.945550906167,0.452211
131.992556720169,0.499217
132.043554332387,0.550214
132.085569007645,0.592229
132.129556160125,0.636216
132.185563633951,0.692223
132.242564615469,0.749224
132.299561256039,0.806221
132.342569061571,0.849229
132.385562574877,0.892222
132.485562415545,0.992222
132.541556380977,1.04822
132.591571830613,1.09823
132.661567370821,1.16823
132.702567093513,1.20923
132.791561099953,1.29822
132.894558358103,1.40122
133.160554430111,1.66721
151.783550906167,0.290211
151.826571830613,0.333232
151.885561256039,0.392221
151.972554430111,0.479214
152.024569061571,0.531229
152.069554003005,0.576214
152.114549441069,0.621209
152.157551455837,0.664211
152.198567370821,0.705227
152.248556160125,0.755216
152.349556720169,0.856217
152.398556380977,0.905216
152.445561099953,0.952221
152.493563633951,1.00022
152.547567574427,1.05423
152.597567093513,1.10423
152.647573043609,1.15423
152.691564453491,1.19822
152.731558358103,1.23822
152.817562415545,1.32422
152.895569007645,1.40223
152.954564615469,1.46122
152.995554332387,1.50221
171.715561099953,0.222221
171.757556380977,0.264216
171.802562227363,0.309222
171.844552562831,0.351212
171.884569028841,0.391229
171.929549441069,0.436209
171.973564615469,0.480224
172.017556160125,0.524216
172.058567370821,0.565227
172.102554332387,0.609214
172.155556720169,0.662217
172.205558358103,0.712218
172.249567093513,0.756227
172.297569061571,0.804229
172.345571830613,0.852232
172.387569007645,0.894229
172.427561256039,0.934221
172.470573043609,0.977233
172.534551455837,1.04121
172.580562574877,1.08722
172.627554430111,1.13421
172.683567574427,1.19023
172.759563633951,1.26622
172.823554003005,1.33021
172.912564453491,1.41922
172.986550906167,1.49321
173.135562415545,1.64222
191.673552562831,0.180212
191.730556380977,0.237216
191.770564615469,0.277224
191.816556720169,0.323217
191.858554430111,0.365214
191.904571830613,0.411232
191.963556160125,0.470216
192.016569061571,0.523229
192.071561099953,0.578221
192.117549441069,0.624209
192.168569007645,0.675229
192.208567574427,0.715227
192.249562227363,0.756222
192.338562415545,0.845222
192.379558358103,0.886218
192.444551455837,0.951211
192.508550906167,1.01521
192.557564453491,1.06422
192.615569028841,1.12223
192.663554003005,1.17021
192.715554332387,1.22221
192.766567093513,1.27323
192.822573043609,1.32923
192.933567370821,1.44023
192.985561256039,1.49222
193.031563633951,1.53822
193.113562574877,1.62022
211.678562415545,0.185222
211.721563633951,0.228223
211.803551455837,0.310211
211.856567370821,0.363227
211.896573043609,0.403233
211.936562574877,0.443222
211.979571830613,0.486232
212.027549441069,0.534209
212.093556720169,0.600217
212.149567574427,0.656227
212.194561256039,0.701221
212.239554430111,0.746214
212.294554332387,0.801214
212.408567093513,0.915227
212.460569007645,0.967229
212.506552562831,1.01321
212.561564615469,1.06822
212.612564453491,1.11922
212.670558358103,1.17722
212.765556380977,1.27222
212.816556160125,1.32322
212.903569061571,1.41023
212.970569028841,1.47723
231.581567574427,0.0882274
231.632549441069,0.139209
231.677558358103,0.184218
231.719563633951,0.226223
231.765556380977,0.272216
231.805567093513,0.312227
231.849569061571,0.356229
231.889552562831,0.396212
231.929562227363,0.436222
231.978556720169,0.485217
232.031562415545,0.538222
232.075573043609,0.582233
232.123561256039,0.630221
232.201567370821,0.708227
232.243554003005,0.750214
232.296556160125,0.803216
232.336564615469,0.843224
232.383551455837,0.890211
232.436571830613,0.943232
232.507561099953,1.01422
232.568554430111,1.07521
232.630554332387,1.13721
232.673550906167,1.18021
232.732564453491,1.23922
232.852562574877,1.35922
232.892569007645,1.39923
233.063569028841,1.57023
251.631558358103,0.138218
251.676552562831,0.183212
251.719561256039,0.226221
251.760569007645,0.267229
251.811554430111,0.318214
251.853562227363,0.360222
251.896569061571,0.403229
251.945554003005,0.452214
251.994562574877,0.501222
252.038561099953,0.545221
252.079563633951,0.586223
252.138564453491,0.645224
252.197567093513,0.704227
252.246556380977,0.753216
252.290549441069,0.797209
252.337564615469,0.844224
252.387573043609,0.894233
252.427562415545,0.934222
252.482567370821,0.989227
252.553556160125,1.06022
252.607556720169,1.11422
252.657550906167,1.16421
252.705567574427,1.21223
252.832551455837,1.33921
252.877571830613,1.38423
252.961554332387,1.46821
253.045569028841,1.55223
271.767573043609,0.274233
271.807567574427,0.314227
271.868569028841,0.375229
271.908554332387,0.415214
271.951567093513,0.458227
271.995562227363,0.502222
272.085569007645,0.592229
272.127556160125,0.634216
272.174564453491,0.681224
272.234567370821,0.741227
272.274556380977,0.781216
272.332554003005,0.839214
272.374554430111,0.881214
272.421550906167,0.928211
272.475561099953,0.982221
272.520549441069,1.02721
272.570563633951,1.07722
272.617569061571,1.12423
272.717556720169,1.22422
272.769562415545,1.27622
272.817561256039,1.32422
272.878552562831,1.38521
272.967564615469,1.47422
273.011562574877,1.51822
273.096558358103,1.60322
291.589571830613,0.0962317
291.636569007645,0.143229
291.684564453491,0.191224
291.728556380977,0.235216
291.785562574877,0.292222
291.880569028841,0.387229
291.920554332387,0.427214
291.960550906167,0.467211
292.011562227363,0.518222
292.056569061571,0.563229
292.142556160125,0.649216
292.185552562831,0.692212
292.228562415545,0.735222
292.287551455837,0.794211
292.375556720169,0.882217
292.433561099953,0.940221
292.486567093513,0.993227
292.578561256039,1.08522
292.671563633951,1.17822
292.751564615469,1.25822
292.843554003005,1.35021
311.599550906167,0.106211
311.661554003005,0.168214
311.702571830613,0.209232
311.749564615469,0.256224
311.790554430111,0.297214
311.838554332387,0.345214
311.884569028841,0.391229
311.954551455837,0.461211
311.999556160125,0.506216
312.041556380977,0.548216
312.092552562831,0.599212
312.135562574877,0.642222
312.180564453491,0.687224
312.235562415545,0.742222
312.278567093513,0.785227
312.326561256039,0.833221
312.377569007645,0.884229
312.417573043609,0.924233
312.465556720169,0.972217
312.507562227363,1.01422
312.581569061571,1.08823
312.625567370821,1.13223
312.669563633951,1.17622
312.728567574427,1.23523
312.785561099953,1.29222
312.888549441069,1.39521
312.955558358103,1.46222
331.614562415545,0.121222
331.655564453491,0.162224
331.697569028841,0.204229
331.740567574427,0.247227
331.784562227363,0.291222
331.870554003005,0.377214
331.937569061571,0.444229
331.980556160125,0.487216
332.023556720169,0.530217
332.065567370821,0.572227
332.108552562831,0.615212
332.156551455837,0.663211
332.199558358103,0.706218
332.242561099953,0.749221
332.285554332387,0.792214
332.331550906167,0.838211
332.371573043609,0.878233
332.428571830613,0.935232
332.476563633951,0.983223
332.517569007645,1.02423
332.579554430111,1.08621
332.655561256039,1.16222
332.733549441069,1.24021
332.867567093513,1.37423
332.919562574877,1.42622
351.722567093513,0.229227
351.763558358103,0.270218
351.804552562831,0.311212
351.845564615469,0.352224
351.888573043609,0.395233
351.928567370821,0.435227
351.970569007645,0.477229
352.011550906167,0.518211
352.059562574877,0.566222
352.109556380977,0.616216
352.154563633951,0.661223
352.196571830613,0.703232
352.245551455837,0.752211
352.288567574427,0.795227
352.375562227363,0.882222
352.420556720169,0.927217
352.464554332387,0.971214
352.537569028841,1.04423
352.591564453491,1.09822
352.635561256039,1.14222
352.680569061571,1.18723
352.785562415545,1.29222
352.848554430111,1.35521
352.933561099953,1.44022
353.041556160125,1.54822
371.799562574877,0.306222
371.851561256039,0.358221
371.900556380977,0.407216
371.951569061571,0.458229
372.000552562831,0.507212
372.044564615469,0.551224
372.091551455837,0.598211
372.141556160125,0.648216
372.185550906167,0.692211
372.232571830613,0.739232
372.274564453491,0.781224
372.320561099953,0.827221
372.373569007645,0.880229
372.417558358103,0.924218
372.469562227363,0.976222
372.516567370821,1.02323
372.671554332387,1.17821
372.738569028841,1.24523
372.782563633951,1.28922
372.850562415545,1.35722
372.908567093513,1.41523
373.161567574427,1.66823
373.234549441069,1.74121
391.639556380977,0.146216
391.679549441069,0.186209
391.780562415545,0.287222
391.826552562831,0.333212
391.866556160125,0.373216
391.926551455837,0.433211
391.984567093513,0.491227
392.037573043609,0.544233
392.137571830613,0.644232
392.194567574427,0.701227
392.234554430111,0.741214
392.329554003005,0.836214
392.371563633951,0.878223
392.427561099953,0.934221
392.469567370821,0.976227
392.528562227363,1.03522
392.581569061571,1.08823
392.654564615469,1.16122
392.733554332387,1.24021
392.773550906167,1.28021
392.955569028841,1.46223
411.722569061571,0.229229
411.762564615469,0.269224
411.817569028841,0.324229
411.860569007645,0.367229
411.901563633951,0.408223
411.942549441069,0.449209
411.986561256039,0.493221
412.037564453491,0.544224
412.078558358103,0.585218
412.165571830613,0.672232
412.220556160125,0.727216
412.264554430111,0.771214
412.320556720169,0.827217
412.362554332387,0.869214
412.411567574427,0.918227
412.504562227363,1.01122
412.625561099953,1.13222
412.669573043609,1.17623
412.735556380977,1.24222
412.903567370821,1.41023
412.986551455837,1.49321
413.053552562831,1.56021
413.145567093513,1.65223
431.750550906167,0.257211
431.794558358103,0.301218
431.834562227363,0.341222
431.875564453491,0.382224
431.923562415545,0.430222
431.967569007645,0.474229
432.043569061571,0.550229
432.098561256039,0.605221
432.146567574427,0.653227
432.190571830613,0.697232
432.232564615469,0.739224
432.284561099953,0.791221
432.325556380977,0.832216
432.367556720169,0.874217
432.417573043609,0.924233
432.471567093513,0.978227
432.557551455837,1.06421
432.597554332387,1.10421
432.738556160125,1.24522
432.807554003005,1.31421
432.856569028841,1.36323
432.916554430111,1.42321
432.976562574877,1.48322
433.023567370821,1.53023
433.165549441069,1.67221
451.775567574427,0.282227
451.816571830613,0.323232
451.884552562831,0.391212
451.929567093513,0.436227
451.969554430111,0.476214
452.013562227363,0.520222
452.057556160125,0.564216
452.097569061571,0.604229
452.137564453491,0.644224
452.195561099953,0.702221
452.242556720169,0.749217
452.293558358103,0.800218
452.339564615469,0.846224
452.379567370821,0.886227
452.431561256039,0.938221
452.481554332387,0.988214
452.525562415545,1.03222
452.578554003005,1.08521
452.627569028841,1.13423
452.697562574877,1.20422
452.746549441069,1.25321
452.802551455837,1.30921
452.881569007645,1.38823
452.947563633951,1.45422
453.010550906167,1.51721
453.112573043609,1.61923
453.261556380977,1.76822
471.630554332387,0.137214
471.672567574427,0.179227
471.755558358103,0.262218
471.797571830613,0.304232
471.840554003005,0.347214
471.883551455837,0.390211
471.969556380977,0.476216
472.010564453491,0.517224
472.052561099953,0.559221
472.095567093513,0.602227
472.143549441069,0.650209
472.189561256039,0.696221
472.242554430111,0.749214
472.286562415545,0.793222
472.344567370821,0.851227
472.413562574877,0.920222
472.538556160125,1.04522
472.596564615469,1.10322
472.675569061571,1.18223
472.869573043609,1.37623
473.094562227363,1.60122
491.801561099953,0.308221
491.866554430111,0.373214
491.932552562831,0.439212
491.977573043609,0.484233
492.067554332387,0.574214
492.111556160125,0.618216
492.152563633951,0.659223
492.201569007645,0.708229
492.247562415545,0.754222
492.293564615469,0.800224
492.338569061571,0.845229
492.392554003005,0.899214
492.442567093513,0.949227
492.492567574427,0.999227
492.541556720169,1.04822
492.581550906167,1.08821
492.635549441069,1.14221
492.679569028841,1.18623
492.763551455837,1.27021
492.841567370821,1.34823
492.894562574877,1.40122
492.942562227363,1.44922
493.026571830613,1.53323
493.186556380977,1.69322
493.293558358103,1.80022
511.841569061571,0.348229
511.882556160125,0.389216
511.925569007645,0.432229
511.969550906167,0.476211
512.011562227363,0.518222
512.051552562831,0.558212
512.133554332387,0.640214
512.182567574427,0.689227
512.232571830613,0.739232
512.303558358103,0.810218
512.348556720169,0.855217
512.392567370821,0.899227
512.435573043609,0.942233
512.475554003005,0.982214
512.524554430111,1.03121
512.597564615469,1.10422
512.637561256039,1.14422
512.677567093513,1.18423
512.717562574877,1.22422
512.761564453491,1.26822
512.803549441069,1.31021
512.858563633951,1.36522
512.906561099953,1.41322
512.983551455837,1.49021
513.032556380977,1.53922
531.720556160125,0.227216
531.764556380977,0.271216
531.808569028841,0.315229
531.850571830613,0.357232
531.890569061571,0.397229
531.938561256039,0.445221
531.981562227363,0.488222
532.028558358103,0.535218
532.069564615469,0.576224
532.110567093513,0.617227
532.236561099953,0.743221
532.276573043609,0.783233
532.318552562831,0.825212
532.365549441069,0.872209
532.417554003005,0.924214
532.471567370821,0.978227
532.529569007645,1.03623
532.603556720169,1.11022
532.646550906167,1.15321
532.696567574427,1.20323
532.771554430111,1.27821
532.837563633951,1.34422
532.883554332387,1.39021
532.927562574877,1.43422
533.041551455837,1.54821
551.643554430111,0.150214
551.686554003005,0.193214
551.727561256039,0.234221
551.769569061571,0.276229
551.809571830613,0.316232
551.852556160125,0.359216
551.964569028841,0.471229
552.010554332387,0.517214
552.051562227363,0.558222
552.099567574427,0.606227
552.149549441069,0.656209
552.189563633951,0.696223
552.232550906167,0.739211
552.272558358103,0.779218
552.331551455837,0.838211
552.392564615469,0.899224
552.480556380977,0.987216
552.534552562831,1.04121
552.589562574877,1.09622
552.633561099953,1.14022
552.690562415545,1.19722
552.731573043609,1.23823
552.804569007645,1.31123
571.602550906167,0.109211
571.655556380977,0.162216
571.696554003005,0.203214
571.737554332387,0.244214
571.777567574427,0.284227
571.819554430111,0.326214
571.940567370821,0.447227
571.983552562831,0.490212
572.024549441069,0.531209
572.071567093513,0.578227
572.116562227363,0.623222
572.266564615469,0.773224
572.348561099953,0.855221
572.397556720169,0.904217
572.489561256039,0.996221
572.536562574877,1.04322
572.606569007645,1.11323
572.810551455837,1.31721
573.004573043609,1.51123
591.662567370821,0.169227
591.702571830613,0.209232
591.744569007645,0.251229
591.889551455837,0.396211
591.941564615469,0.448224
591.986554430111,0.493214
592.028549441069,0.535209
592.071554003005,0.578214
592.125567093513,0.632227
592.190563633951,0.697223
592.245562415545,0.752222
592.287561099953,0.794221
592.327573043609,0.834233
592.380556720169,0.887217
592.426564453491,0.933224
592.481562574877,0.988222
592.525558358103,1.03222
592.573569061571,1.08023
592.613569028841,1.12023
592.659554332387,1.16621
592.707562227363,1.21422
592.753556160125,1.26022
592.954552562831,1.46121
611.597563633951,0.104223
611.642567093513,0.149227
611.682552562831,0.189212
611.822561256039,0.329221
611.868564453491,0.375224
611.939567574427,0.446227
611.980554430111,0.487214
612.020562574877,0.527222
612.063554003005,0.570214
612.111567370821,0.618227
612.158569028841,0.665229
612.222550906167,0.729211
612.265554332387,0.772214
612.313556720169,0.820217
612.355558358103,0.862218
612.436549441069,0.943209
612.565573043609,1.07223
612.612562415545,1.11922
612.682564615469,1.18922
612.870569007645,1.37723
613.039551455837,1.54621
613.143562227363,1.65022
631.605556380977,0.112216
631.650563633951,0.157223
631.693561099953,0.200221
631.752554430111,0.259214
631.793562574877,0.300222
631.834562415545,0.341222
631.876567574427,0.383227
631.916549441069,0.423209
631.961562227363,0.468222
632.007564453491,0.514224
632.048569061571,0.555229
632.088573043609,0.595233
632.130556160125,0.637216
632.181554332387,0.688214
632.222558358103,0.729218
632.269567370821,0.776227
632.311567093513,0.818227
632.351564615469,0.858224
632.403571830613,0.910232
632.447569028841,0.954229
632.509561256039,1.01622
632.563556720169,1.07022
632.617550906167,1.12421
632.670551455837,1.17721
632.721569007645,1.22823
632.824554003005,1.33121
632.931552562831,1.43821
651.744554003005,0.251214
651.803562574877,0.310222
651.847567370821,0.354227
651.892563633951,0.399223
651.938549441069,0.445209
652.023569028841,0.530229
652.065556160125,0.572216
652.112561256039,0.619221
652.156562415545,0.663222
652.203573043609,0.710233
652.246556720169,0.753217
652.287551455837,0.794211
652.332558358103,0.839218
652.375561099953,0.882221
652.443552562831,0.950212
652.494571830613,1.00123
652.534550906167,1.04121
652.576564453491,1.08322
652.641569007645,1.14823
652.698554332387,1.20521
652.762569061571,1.26923
652.811564615469,1.31822
652.861567093513,1.36823
652.964562227363,1.47122
653.067567574427,1.57423
671.699554332387,0.206214
671.755561099953,0.262221
671.807556160125,0.314216
671.847554430111,0.354214
671.893562227363,0.400222
671.945571830613,0.452232
671.990562574877,0.497222
672.030562415545,0.537222
672.086573043609,0.593233
672.131564615469,0.638224
672.197551455837,0.704211
672.244549441069,0.751209
672.284567093513,0.791227
672.333564453491,0.840224
672.374556720169,0.881217
672.421569061571,0.928229
672.479569028841,0.986229
672.525569007645,1.03223
672.569552562831,1.07621
672.614567370821,1.12123
672.665556380977,1.17222
672.771567574427,1.27823
672.861554003005,1.36821
672.908561256039,1.41522
673.012558358103,1.51922
673.066550906167,1.57321
673.228563633951,1.73522
691.612569061571,0.119229
691.672569007645,0.179229
691.716573043609,0.223233
691.760564615469,0.267224
691.812563633951,0.319223
691.853567574427,0.360227
691.893551455837,0.400211
691.933554430111,0.440214
691.984567370821,0.491227
692.030564453491,0.537224
692.097552562831,0.604212
692.184556720169,0.691217
692.228556380977,0.735216
692.274561099953,0.781221
692.317562415545,0.824222
692.372569028841,0.879229
692.414554332387,0.921214
692.475549441069,0.982209
692.516554003005,1.02321
692.570558358103,1.07722
692.614562227363,1.12122
692.689567093513,1.19623
692.759550906167,1.26621
692.894562574877,1.40122
692.936571830613,1.44323
711.741554430111,0.248214
711.781561099953,0.288221
711.823567574427,0.330227
711.867562574877,0.374222
711.915558358103,0.422218
711.955556380977,0.462216
712.001564615469,0.508224
712.043564453491,0.550224
712.086554332387,0.593214
712.128552562831,0.635212
712.169562227363,0.676222
712.222550906167,0.729211
712.263567093513,0.770227
712.320561256039,0.827221
712.361556720169,0.868217
712.411571830613,0.918232
712.483569028841,0.990229
712.525569061571,1.03223
712.573556160125,1.08022
712.623569007645,1.13023
712.693573043609,1.20023
712.745562415545,1.25222
712.793549441069,1.30021
712.870567370821,1.37723
712.947554003005,1.45421
731.724561099953,0.231221
731.769567370821,0.276227
731.815567093513,0.322227
731.902554332387,0.409214
731.942550906167,0.449211
731.998562227363,0.505222
732.038562415545,0.545222
732.078556720169,0.585217
732.121556380977,0.628216
732.171561256039,0.678221
732.257567574427,0.764227
732.309554430111,0.816214
732.354558358103,0.861218
732.394573043609,0.901233
732.438571830613,0.945232
732.506569028841,1.01323
732.575563633951,1.08222
732.619554003005,1.12621
732.696552562831,1.20321
732.740549441069,1.24721
732.785564453491,1.29222
732.827564615469,1.33422
732.870562574877,1.37722
751.795571830613,0.302232
751.839562227363,0.346222
751.881561099953,0.388221
751.933563633951,0.440223
751.973554332387,0.480214
752.013569028841,0.520229
752.061556160125,0.568216
752.111549441069,0.618209
752.151554003005,0.658214
752.198554430111,0.705214
752.242569061571,0.749229
752.295552562831,0.802212
752.342562574877,0.849222
752.382556380977,0.889216
752.431573043609,0.938233
752.471567574427,0.978227
752.517567370821,1.02423
752.558550906167,1.06521
752.609556720169,1.11622
752.649567093513,1.15623
752.690569007645,1.19723
752.752561256039,1.25922
752.820564615469,1.32722
752.901562415545,1.40822
752.957551455837,1.46421
753.049558358103,1.55622
753.102564453491,1.60922
771.791554430111,0.298214
771.838552562831,0.345212
771.894551455837,0.401211
771.937556160125,0.444216
771.983561099953,0.490221
772.067567370821,0.574227
772.115562227363,0.622222
772.160571830613,0.667232
772.200554003005,0.707214
772.242569028841,0.749229
772.285564615469,0.792224
772.326569007645,0.833229
772.374563633951,0.881223
772.426561256039,0.933221
772.473556720169,0.980217
772.525564453491,1.03222
772.578567093513,1.08523
772.623562415545,1.13022
772.663573043609,1.17023
772.730567574427,1.23723
772.777558358103,1.28422
772.902556380977,1.40922
773.024549441069,1.53121
791.810562415545,0.317222
791.864552562831,0.371212
791.912561256039,0.419221
791.964569028841,0.471229
792.006567370821,0.513227
792.046550906167,0.553211
792.090554003005,0.597214
792.137567574427,0.644227
792.177563633951,0.684223
792.217556720169,0.724217
792.260573043609,0.767233
792.301561099953,0.808221
792.343569061571,0.850229
792.387554430111,0.894214
792.428549441069,0.935209
792.469569007645,0.976229
792.533571830613,1.04023
792.577562574877,1.08422
792.622562227363,1.12922
792.726564453491,1.23322
792.837551455837,1.34421
792.902558358103,1.40922
792.969564615469,1.47622
793.073554332387,1.58021
793.316556380977,1.82322
811.706550906167,0.213211
811.746556720169,0.253217
811.787562415545,0.294222
811.831556160125,0.338216
811.874554430111,0.381214
811.958571830613,0.465232
811.998554003005,0.505214
812.044562574877,0.551222
812.093569007645,0.600229
812.133551455837,0.640211
812.189569028841,0.696229
812.229564453491,0.736224
812.273567093513,0.780227
812.367561256039,0.874221
812.408562227363,0.915222
812.469567574427,0.976227
812.521558358103,1.02822
812.563563633951,1.07022
812.613573043609,1.12023
812.684567370821,1.19123
812.842569061571,1.34923
812.923556380977,1.43022
813.167564615469,1.67422
831.718573043609,0.225233
831.770552562831,0.277212
831.815550906167,0.322211
831.855554332387,0.362214
831.896556380977,0.403216
831.940571830613,0.447232
832.006558358103,0.513218
832.048569028841,0.555229
832.100562574877,0.607222
832.146562227363,0.653222
832.202556720169,0.709217
832.289556160125,0.796216
832.342562415545,0.849222
832.388563633951,0.895223
832.435561256039,0.942221
832.479564615469,0.986224
832.529554003005,1.03621
832.574551455837,1.08121
832.625569007645,1.13223
832.711567370821,1.21823
832.759569061571,1.26623
832.841549441069,1.34821
832.881561099953,1.38822
832.950567093513,1.45723
833.001554430111,1.50821
851.709561099953,0.216221
851.750563633951,0.257223
851.834561256039,0.341221
851.882552562831,0.389212
851.922550906167,0.429211
851.968551455837,0.475211
852.020567574427,0.527227
852.077558358103,0.584218
852.121569007645,0.628229
852.185569028841,0.692229
852.238556380977,0.745216
852.279554003005,0.786214
852.370556720169,0.877217
852.440554430111,0.947214
852.490556160125,0.997216
852.538562227363,1.04522
852.607564615469,1.11422
852.648549441069,1.15521
852.695567370821,1.20223
852.744569061571,1.25123
852.817554332387,1.32421
852.977571830613,1.48423
853.194573043609,1.70123
871.719558358103,0.226218
871.760556380977,0.267216
871.818556160125,0.325216
871.859556720169,0.366217
871.903564615469,0.410224
871.948561256039,0.455221
871.989569028841,0.496229
872.041550906167,0.548211
872.082569061571,0.589229
872.122571830613,0.629232
872.173552562831,0.680212
872.216551455837,0.723211
872.263562227363,0.770222
872.306554332387,0.813214
872.401573043609,0.908233
872.495563633951,1.00222
872.535567370821,1.04223
872.579561099953,1.08622
872.625564453491,1.13222
872.667562415545,1.17422
872.745554003005,1.25221
872.822569007645,1.32923
872.875554430111,1.38221
872.943567574427,1.45023
873.153562574877,1.66022
891.595554332387,0.102214
891.635569028841,0.142229
891.680569007645,0.187229
891.720561256039,0.227221
891.766562227363,0.273222
891.806550906167,0.313211
891.846561099953,0.353221
891.892573043609,0.399233
891.932551455837,0.439211
891.975556380977,0.482216
892.042562415545,0.549222
892.083552562831,0.590212
892.125567370821,0.632227
892.174554003005,0.681214
892.217567574427,0.724227
892.265562574877,0.772222
892.318563633951,0.825223
892.372558358103,0.879218
892.420569061571,0.927229
892.480554430111,0.987214
892.525564615469,1.03222
892.585556720169,1.09222
892.667549441069,1.17421
892.751567093513,1.25823
892.798556160125,1.30522
892.969564453491,1.47622
893.035571830613,1.54223
911.797562415545,0.304222
911.838567574427,0.345227
911.883567093513,0.390227
911.924551455837,0.431211
911.970569028841,0.477229
912.019564453491,0.526224
912.065564615469,0.572224
912.116561099953,0.623221
912.158556720169,0.665217
912.201562574877,0.708222
912.244567370821,0.751227
912.292561256039,0.799221
912.339550906167,0.846211
912.394552562831,0.901212
912.438558358103,0.945218
912.505569007645,1.01223
912.550571830613,1.05723
912.592549441069,1.09921
912.676554430111,1.18321
912.724569061571,1.23123
912.771554003005,1.27821
912.830556380977,1.33722
912.897554332387,1.40421
912.986563633951,1.49322
913.027573043609,1.53423
913.141556160125,1.64822
913.181562227363,1.68822
931.807550906167,0.314211
931.865562227363,0.372222
931.921564615469,0.428224
931.962549441069,0.469209
932.003573043609,0.510233
932.043567574427,0.550227
932.097567370821,0.604227
932.145562574877,0.652222
932.189569061571,0.696229
932.242561099953,0.749221
932.287563633951,0.794223
932.328569007645,0.835229
932.370561256039,0.877221
932.415552562831,0.922212
932.464558358103,0.971218
932.505554430111,1.01221
932.611556160125,1.11822
932.666551455837,1.17321
932.790556380977,1.29722
932.846564453491,1.35322
932.887571830613,1.39423
932.931556720169,1.43822
932.992567093513,1.49923
951.752550906167,0.259211
951.793554430111,0.300214
951.838569007645,0.345229
951.929564615469,0.436224
951.972554332387,0.479214
952.015567574427,0.522227
952.055567370821,0.562227
952.102561256039,0.609221
952.143569028841,0.650229
952.236554003005,0.743214
952.290552562831,0.797212
952.368562227363,0.875222
952.430573043609,0.937233
952.486562415545,0.993222
952.532551455837,1.03921
952.613563633951,1.12022
952.663571830613,1.17023
952.736556160125,1.24322
952.786564453491,1.29322
952.851549441069,1.35821
952.916562574877,1.42322
952.984556720169,1.49122
953.066556380977,1.57322
971.660552562831,0.167212
971.703561099953,0.210221
971.767554332387,0.274214
971.809569061571,0.316229
971.849573043609,0.356233
971.892549441069,0.399209
971.940554430111,0.447214
972.012561256039,0.519221
972.054569007645,0.561229
972.096556160125,0.603216
972.148571830613,0.655232
972.286556720169,0.793217
972.328563633951,0.835223
972.377564453491,0.884224
972.451551455837,0.958211
972.505556380977,1.01222
972.568567574427,1.07523
972.626569028841,1.13323
972.669562574877,1.17622
972.719558358103,1.22622
972.849564615469,1.35622
972.904554003005,1.41121
973.134562415545,1.64122
991.585554430111,0.0922143
991.675567370821,0.182227
991.717562227363,0.224222
991.761561099953,0.268221
991.805556720169,0.312217
991.846550906167,0.353211
991.889562415545,0.396222
991.935556380977,0.442216
991.982551455837,0.489211
992.026562574877,0.533222
992.075571830613,0.582232
992.118552562831,0.625212
992.173569007645,0.680229
992.228567093513,0.735227
992.288549441069,0.795209
992.331564615469,0.838224
992.382569028841,0.889229
992.429563633951,0.936223
992.482561256039,0.989221
992.542573043609,1.04923
992.614554003005,1.12121
992.685567574427,1.19223
992.726556160125,1.23322
992.841554332387,1.34821
992.911569061571,1.41823
1011.761562574877,0.268222
1011.819554332387,0.326214
1011.869558358103,0.376218
1011.912569028841,0.419229
1011.962569061571,0.469229
1012.003567093513,0.510227
1012.043549441069,0.550209
1012.092567370821,0.599227
1012.135571830613,0.642232
1012.183554430111,0.690214
1012.223554003005,0.730214
1012.285550906167,0.792211
1012.325561256039,0.832221
1012.375551455837,0.882211
1012.428562415545,0.935222
1012.468564615469,0.975224
1012.514567574427,1.02123
1012.556569007645,1.06323
1012.601556720169,1.10822
1012.707564453491,1.21422
1012.764556380977,1.27122
1012.813573043609,1.32023
1012.854561099953,1.36122
1012.942552562831,1.44921
1012.988556160125,1.49522
1013.081562227363,1.58822
1013.276563633951,1.78322
1031.764564615469,0.271224
1031.818549441069,0.325209
1031.865561099953,0.372221
1031.911567370821,0.418227
1031.957561256039,0.464221
1031.999569007645,0.506229
1032.044562574877,0.551222
1032.085554430111,0.592214
1032.138556380977,0.645216
1032.198564453491,0.705224
1032.239554003005,0.746214
1032.283556720169,0.790217
1032.324569028841,0.831229
1032.365567574427,0.872227
1032.431567093513,0.938227
1032.498563633951,1.00522
1032.539569061571,1.04623
1032.587558358103,1.09422
1032.638556160125,1.14522
1032.715552562831,1.22221
1032.770562415545,1.27722
1032.833573043609,1.34023
1032.896562227363,1.40322
1032.953554332387,1.46021
1033.014571830613,1.52123
1033.065550906167,1.57221
1033.119551455837,1.62621
1051.773551455837,0.280211
1051.813573043609,0.320233
1051.861554332387,0.368214
1051.954569028841,0.461229
1051.995554003005,0.502214
1052.041569007645,0.548229
1052.097567093513,0.604227
1052.139554430111,0.646214
1052.186562415545,0.693222
1052.250549441069,0.757209
1052.293564453491,0.800224
1052.343569061571,0.850229
1052.383550906167,0.890211
1052.425556720169,0.932217
1052.487556160125,0.994216
1052.544561256039,1.05122
1052.602561099953,1.10922
1052.645567370821,1.15223
1052.715562227363,1.22222
1052.757563633951,1.26422
1052.816564615469,1.32322
1052.882567574427,1.38923
1052.939571830613,1.44623
1053.018562574877,1.52522
1053.080552562831,1.58721
1071.698556720169,0.205217
1071.746551455837,0.253211
1071.790562574877,0.297222
1071.834567574427,0.341227
1071.880569061571,0.387229
1071.928571830613,0.435232
1071.969554003005,0.476214
1072.010569028841,0.517229
1072.052549441069,0.559209
1072.108563633951,0.615223
1072.162554332387,0.669214
1072.225569007645,0.732229
1072.280550906167,0.787211
1072.324562415545,0.831222
1072.364561256039,0.871221
1072.408564453491,0.915224
1072.450567370821,0.957227
1072.515552562831,1.02221
1072.556562227363,1.06322
1072.642573043609,1.14923
1072.687554430111,1.19421
1072.727567093513,1.23423
1072.794564615469,1.30122
1072.882561099953,1.38922
1072.953556160125,1.46022
1073.001558358103,1.50822
1073.271556380977,1.77822
1091.750561099953,0.257221
1091.795564453491,0.302224
1091.836571830613,0.343232
1091.876550906167,0.383211
1091.942562415545,0.449222
1091.982556160125,0.489216
1092.029563633951,0.536223
1092.079569007645,0.586229
1092.122552562831,0.629212
1092.168551455837,0.675211
1092.216554003005,0.723214
1092.257562574877,0.764222
1092.297569061571,0.804229
1092.338554430111,0.845214
1092.415573043609,0.922233
1092.455556720169,0.962217
1092.507558358103,1.01422
1092.555561256039,1.06222
1092.601567093513,1.10823
1092.677569028841,1.18423
1092.727556380977,1.23422
1092.787567574427,1.29423
1092.972567370821,1.47923
1093.044562227363,1.55122
1093.229564615469,1.73622
1111.649567370821,0.156227
1111.699551455837,0.206211
1111.739554332387,0.246214
1111.782556160125,0.289216
1111.822556380977,0.329216
1111.863569028841,0.370229
1111.949573043609,0.456233
1111.989564453491,0.496224
1112.032554003005,0.539214
1112.074563633951,0.581223
1112.123569007645,0.630229
1112.175567574427,0.682227
1112.221561099953,0.728221
1112.266569061571,0.773229
1112.314550906167,0.821211
1112.363556720169,0.870217
1112.405558358103,0.912218
1112.448571830613,0.955232
1112.489562227363,0.996222
1112.530549441069,1.03721
1112.584554430111,1.09121
1112.679562415545,1.18622
1112.719564615469,1.22622
1112.903552562831,1.41021
1113.141567093513,1.64823
1131.736563633951,0.243223
1131.777562574877,0.284222
1131.819562227363,0.326222
1131.882556720169,0.389217
1131.926554003005,0.433214
1131.973549441069,0.480209
1132.020554332387,0.527214
1132.067569007645,0.574229
1132.125571830613,0.632232
1132.215564453491,0.722224
1132.260569061571,0.767229
1132.318567574427,0.825227
1132.363552562831,0.870212
1132.412573043609,0.919233
1132.455550906167,0.962211
1132.500556380977,1.00722
1132.559569028841,1.06623
1132.639564615469,1.14622
1132.834562415545,1.34122
1132.877567093513,1.38423
1132.928561256039,1.43522
1132.979561099953,1.48622
1133.038551455837,1.54521
1151.752563633951,0.259223
1151.794564453491,0.301224
1151.836569007645,0.343229
1151.877564615469,0.384224
1151.924561256039,0.431221
1151.965556720169,0.472217
1152.009552562831,0.516212
1152.056556160125,0.563216
1152.130558358103,0.637218
1152.173567093513,0.680227
1152.219554003005,0.726214
1152.268567370821,0.775227
1152.309571830613,0.816232
1152.349569061571,0.856229
1152.401561099953,0.908221
1152.443549441069,0.950209
1152.483556380977,0.990216
1152.529562574877,1.03622
1152.571554430111,1.07821
1152.642554332387,1.14921
1152.724567574427,1.23123
1152.801573043609,1.30823
1152.868551455837,1.37521
1152.969569028841,1.47623
1153.114562227363,1.62122
1153.194550906167,1.70121
1153.382562415545,1.88922
1171.685563633951,0.192223
1171.726562574877,0.233222
1171.776554332387,0.283214
1171.816550906167,0.323211
1171.898569061571,0.405229
1171.967556720169,0.474217
1172.007573043609,0.514233
1172.050567574427,0.557227
1172.092564615469,0.599224
1172.133556160125,0.640216
1172.175558358103,0.682218
1172.222569028841,0.729229
1172.308562227363,0.815222
1172.349562415545,0.856222
1172.401561099953,0.908221
1172.459554430111,0.966214
1172.514564453491,1.02122
1172.574556380977,1.08122
1172.617554003005,1.12421
1172.673567093513,1.18023
1172.719552562831,1.22621
1172.793561256039,1.30022
1173.000571830613,1.50723
1191.722554430111,0.229214
1191.763564615469,0.270224
1191.806567574427,0.313227
1191.848573043609,0.355233
1191.891561099953,0.398221
1191.953551455837,0.460211
1191.998554003005,0.505214
1192.046561256039,0.553221
1192.099569028841,0.606229
1192.148550906167,0.655211
1192.190567093513,0.697227
1192.286554332387,0.793214
1192.378558358103,0.885218
1192.424563633951,0.931223
1192.505562415545,1.01222
1192.552556160125,1.05922
1192.613549441069,1.12021
1192.679556720169,1.18622
1192.776562227363,1.28322
1192.873569007645,1.38023
1211.748573043609,0.255233
1211.788567574427,0.295227
1211.831567370821,0.338227
1211.888561256039,0.395221
1211.928569061571,0.435229
1211.970564453491,0.477224
1212.075562227363,0.582222
1212.115558358103,0.622218
1212.160552562831,0.667212
1212.214554430111,0.721214
1212.259549441069,0.766209
1212.310550906167,0.817211
1212.359569028841,0.866229
1212.399571830613,0.906232
1212.441562415545,0.948222
1212.481561099953,0.988221
1212.521562574877,1.02822
1212.564569007645,1.07123
1212.610554332387,1.11721
1212.682554003005,1.18921
1212.767556380977,1.27422
1212.816551455837,1.32321
1212.917563633951,1.42422
1213.028564615469,1.53522
1213.129556160125,1.63622
1231.841562227363,0.348222
1231.881562415545,0.388222
1231.924564615469,0.431224
1231.969552562831,0.476212
1232.060556160125,0.567216
1232.101558358103,0.608218
1232.146549441069,0.653209
1232.196562574877,0.703222
1232.236569007645,0.743229
1232.331554430111,0.838214
1232.371569061571,0.878229
1232.413569028841,0.920229
1232.458567093513,0.965227
1232.504571830613,1.01123
1232.545563633951,1.05222
1232.594556720169,1.10122
1232.647564453491,1.15422
1232.721567370821,1.22823
1232.821567574427,1.32823
1232.942561256039,1.44922
1232.983550906167,1.49021
1233.048554003005,1.55521
1233.145551455837,1.65221
1251.583549441069,0.0902093
1251.623567574427,0.130227
1251.666558358103,0.173218
1251.715562574877,0.222222
1251.818562227363,0.325222
1251.872552562831,0.379212
1251.930556720169,0.437217
1251.978567093513,0.485227
1252.021561256039,0.528221
1252.062567370821,0.569227
1252.102564615469,0.609224
1252.161556380977,0.668216
1252.203556160125,0.710216
1252.246562415545,0.753222
1252.287569061571,0.794229
1252.327554430111,0.834214
1252.386573043609,0.893233
1252.434563633951,0.941223
1252.479569028841,0.986229
1252.519554332387,1.02621
1252.562551455837,1.06921
1252.647571830613,1.15423
1252.733550906167,1.24021
1252.792569007645,1.29923
1252.853554003005,1.36021
1271.762567093513,0.269227
1271.818571830613,0.325232
1271.858554430111,0.365214
1271.903551455837,0.410211
1271.988561256039,0.495221
1272.028562227363,0.535222
1272.086562574877,0.593222
1272.129554332387,0.636214
1272.174561099953,0.681221
1272.248554003005,0.755214
1272.290556160125,0.797216
1272.331563633951,0.838223
1272.388564453491,0.895224
1272.443569028841,0.950229
1272.484552562831,0.991212
1272.539569007645,1.04623
1272.583567370821,1.09023
1272.635573043609,1.14223
1272.680562415545,1.18722
1272.792567574427,1.29923
1272.850564615469,1.35722
1272.999569061571,1.50623
1273.197550906167,1.70421
1291.629573043609,0.136233
1291.680563633951,0.187223
1291.724567370821,0.231227
1291.768558358103,0.275218
1291.894551455837,0.401211
1291.934567574427,0.441227
1291.974552562831,0.481212
1292.020550906167,0.527211
1292.064561099953,0.571221
1292.116571830613,0.623232
1292.165556380977,0.672216
1292.205564615469,0.712224
1292.254569007645,0.761229
1292.294569028841,0.801229
1292.347561256039,0.854221
1292.410562574877,0.917222
1292.493567093513,1.00023
1292.558549441069,1.06521
1292.619554430111,1.12621
1292.742564453491,1.24922
1292.795556720169,1.30222
1292.845562227363,1.35222
1292.902554003005,1.40921
1311.716562574877,0.223222
1311.762573043609,0.269233
1311.809556380977,0.316216
1311.854551455837,0.361211
1311.899561256039,0.406221
1311.948563633951,0.455223
1311.990554430111,0.497214
1312.032567370821,0.539227
1312.075552562831,0.582212
1312.115569007645,0.622229
1312.157567574427,0.664227
1312.197562227363,0.704222
1312.251554003005,0.758214
1312.294549441069,0.801209
1312.356564615469,0.863224
1312.396550906167,0.903211
1312.436561099953,0.943221
1312.482554332387,0.989214
1312.523571830613,1.03023
1312.570556720169,1.07722
1312.630564453491,1.13722
1312.728562415545,1.23522
1312.775567093513,1.28223
1312.818556160125,1.32522
1312.862569061571,1.36923
1312.920558358103,1.42722
1313.087569028841,1.59423
1331.650549441069,0.157209
1331.692554332387,0.199214
1331.734567370821,0.241227
1331.783562227363,0.290222
1331.826561099953,0.333221
1331.909552562831,0.416212
1331.955569028841,0.462229
1331.995551455837,0.502211
1332.039571830613,0.546232
1332.085562415545,0.592222
1332.141567574427,0.648227
1332.237561256039,0.744221
1332.299564453491,0.806224
1332.349563633951,0.856223
1332.398569061571,0.905229
1332.451558358103,0.958218
1332.494554003005,1.00121
1332.536556720169,1.04322
1332.594573043609,1.10123
1332.634569007645,1.14123
1332.685567093513,1.19223
1332.816554430111,1.32321
1332.857556380977,1.36422
1351.688562574877,0.195222
1351.728549441069,0.235209
1351.787562415545,0.294222
1351.845551455837,0.352211
1351.889556720169,0.396217
1351.931567093513,0.438227
1351.994558358103,0.501218
1352.048562227363,0.555222
1352.089563633951,0.596223
1352.131569061571,0.638229
1352.212569007645,0.719229
1352.258561099953,0.765221
1352.303571830613,0.810232
1352.347573043609,0.854233
1352.411567574427,0.918227
1352.456567370821,0.963227
1352.498561256039,1.00522
1352.565554430111,1.07221
1352.608564453491,1.11522
1352.650554003005,1.15721
1352.690556380977,1.19722
1352.742552562831,1.24921
1352.879564615469,1.38622
1352.959569028841,1.46623
1353.086556160125,1.59322
1371.614561256039,0.121221
1371.664556720169,0.171217
1371.711571830613,0.218232
1371.752554003005,0.259214
1371.838573043609,0.345233
1371.882549441069,0.389209
1371.922567093513,0.429227
1371.966551455837,0.473211
1372.011552562831,0.518212
1372.052562574877,0.559222
1372.092569061571,0.599229
1372.138564615469,0.645224
1372.182564453491,0.689224
1372.224554332387,0.731214
1372.267556160125,0.774216
1372.311562415545,0.818222
1372.351561099953,0.858221
1372.395567370821,0.902227
1372.486556380977,0.993216
1372.659569028841,1.16623
1372.711558358103,1.21822
1372.877563633951,1.38422
1373.013567574427,1.52023
1391.598554003005,0.105214
1391.644569028841,0.151229
1391.684561099953,0.191221
1391.727562227363,0.234222
1391.819562415545,0.326222
1391.869561256039,0.376221
1391.912562574877,0.419222
1391.960569007645,0.467229
1392.004564615469,0.511224
1392.055556380977,0.562216
1392.095549441069,0.602209
1392.137554430111,0.644214
1392.181569061571,0.688229
1392.227564453491,0.734224
1392.270556160125,0.777216
1392.338558358103,0.845218
1392.403550906167,0.910211
1392.462551455837,0.969211
1392.506556720169,1.01322
1392.547563633951,1.05422
1392.596554332387,1.10321
1392.646567574427,1.15323
1392.710567093513,1.21723
1392.764552562831,1.27121
1392.905567370821,1.41223
1411.835556380977,0.342216
1411.875558358103,0.382218
1411.917549441069,0.424209
1411.960567370821,0.467227
1412.004567093513,0.511227
1412.044550906167,0.551211
1412.089569028841,0.596229
1412.134564615469,0.641224
1412.177571830613,0.684232
1412.224561256039,0.731221
1412.321569007645,0.828229
1412.369562574877,0.876222
1412.468562415545,0.975222
1412.516562227363,1.02322
1412.556551455837,1.06321
1412.604554430111,1.11121
1412.647556720169,1.15422
1412.697554003005,1.20421
1412.758564453491,1.26522
1412.830567574427,1.33723
1412.919554332387,1.42621
1412.965573043609,1.47223
1431.665554332387,0.172214
1431.708567574427,0.215227
1431.751556720169,0.258217
1431.800552562831,0.307212
1431.851569028841,0.358229
1431.902569061571,0.409229
1431.952561099953,0.459221
1431.996562415545,0.503222
1432.044567093513,0.551227
1432.098554430111,0.605214
1432.142571830613,0.649232
1432.190549441069,0.697209
1432.248558358103,0.755218
1432.295573043609,0.802233
1432.337569007645,0.844229
1432.378563633951,0.885223
1432.434551455837,0.941211
1432.480562227363,0.987222
1432.522564615469,1.02922
1432.644567370821,1.15123
1432.688556380977,1.19522
1432.729550906167,1.23621
1432.771554003005,1.27821
1432.856562574877,1.36322
1432.899564453491,1.40622
1432.949556160125,1.45622
1432.998561256039,1.50522
1451.726556720169,0.233217
1451.769562574877,0.276222
1451.833567093513,0.340227
1451.873563633951,0.380223
1451.958573043609,0.465233
1452.004567370821,0.511227
1452.046554332387,0.553214
1452.132550906167,0.639211
1452.189569028841,0.696229
1452.229556160125,0.736216
1452.280569007645,0.787229
1452.333554003005,0.840214
1452.390561256039,0.897221
1452.453564615469,0.960224
1452.505561099953,1.01222
1452.556564453491,1.06322
1452.599571830613,1.10623
1452.687556380977,1.19422
1452.742549441069,1.24921
1452.782558358103,1.28922
1452.835562227363,1.34222
1452.933569061571,1.44023
1453.021552562831,1.52821
1471.624569007645,0.131229
1471.679564453491,0.186224
1471.730567093513,0.237227
1471.787567370821,0.294227
1471.833567574427,0.340227
1471.874562574877,0.381222
1471.915563633951,0.422223
1471.956549441069,0.463209
1472.000561256039,0.507221
1472.043550906167,0.550211
1472.088558358103,0.595218
1472.133569028841,0.640229
1472.191561099953,0.698221
1472.233573043609,0.740233
1472.277551455837,0.784211
1472.325556380977,0.832216
1472.391556720169,0.898217
1472.433562415545,0.940222
1472.474556160125,0.981216
1472.585554003005,1.09221
1472.631554430111,1.13821
1472.691569061571,1.19823
1472.966554332387,1.47321
1491.775556380977,0.282216
1491.815562415545,0.322222
1491.855573043609,0.362233
1491.899561099953,0.406221
1491.943567370821,0.450227
1491.984561256039,0.491221
1492.056550906167,0.563211
1492.102562227363,0.609222
1492.158569007645,0.665229
1492.213569028841,0.720229
1492.296567574427,0.803227
1492.337563633951,0.844223
1492.383564615469,0.890224
1492.430554003005,0.937214
1492.475571830613,0.982232
1492.521554332387,1.02821
1492.607567093513,1.11423
1492.647556720169,1.15422
1492.736556160125,1.24322
1492.776569061571,1.28323
1492.857558358103,1.36422
1492.911549441069,1.41821
1492.962564453491,1.46922
1493.018562574877,1.52522
1493.103554430111,1.61021
1511.785556380977,0.292216
1511.825567093513,0.332227
1511.874564453491,0.381224
1511.922556720169,0.429217
1511.963556160125,0.470216
1512.004554430111,0.511214
1512.093558358103,0.600218
1512.136567574427,0.643227
1512.176571830613,0.683232
1512.223569061571,0.730229
1512.263562415545,0.770222
1512.316549441069,0.823209
1512.364552562831,0.871212
1512.416562227363,0.923222
1512.469567370821,0.976227
1512.514551455837,1.02121
1512.556561099953,1.06322
1512.600569007645,1.10723
1512.642573043609,1.14923
1512.704563633951,1.21122
1512.777554332387,1.28421
1512.865561256039,1.37222
1512.923562574877,1.43022
1513.083564615469,1.59022
1513.197569028841,1.70423
1531.726554332387,0.233214
1531.892551455837,0.399211
1531.933569028841,0.440229
1531.978573043609,0.485233
1532.062567574427,0.569227
1532.113552562831,0.620212
1532.161554430111,0.668214
1532.204556720169,0.711217
1532.244567370821,0.751227
1532.297569007645,0.804229
1532.344554003005,0.851214
1532.395561099953,0.902221
1532.438562574877,0.945222
1532.513571830613,1.02023
1532.571561256039,1.07822
1532.638550906167,1.14521
1532.719562415545,1.22622
1532.784564453491,1.29122
1532.847569061571,1.35423
1532.914558358103,1.42122
1532.995563633951,1.50222
1551.590554430111,0.0972143
1551.632558358103,0.139218
1551.672562574877,0.179222
1551.713554003005,0.220214
1551.757556720169,0.264217
1551.797550906167,0.304211
1551.839571830613,0.346232
1551.889561256039,0.396221
1551.932554332387,0.439214
1551.977569061571,0.484229
1552.052556160125,0.559216
1552.094564453491,0.601224
1552.136569007645,0.643229
1552.176564615469,0.683224
1552.234552562831,0.741212
1552.283567370821,0.790227
1552.329563633951,0.836223
1552.372561099953,0.879221
1552.416567093513,0.923227
1552.462562227363,0.969222
1552.555551455837,1.06221
1552.598573043609,1.10523
1552.650569028841,1.15723
1552.773567574427,1.28023
1552.897549441069,1.40421
1571.811556380977,0.318216
1571.873569028841,0.380229
1571.924550906167,0.431211
1571.965573043609,0.472233
1572.019552562831,0.526212
1572.059556160125,0.566216
1572.107556720169,0.614217
1572.154571830613,0.661232
1572.199554430111,0.706214
1572.240562574877,0.747222
1572.295569007645,0.802229
1572.338567574427,0.845227
1572.380567093513,0.887227
1572.429551455837,0.936211
1572.469562227363,0.976222
1572.523554003005,1.03021
1572.568561256039,1.07522
1572.611549441069,1.11821
1572.654564615469,1.16122
1572.727567370821,1.23423
1572.767564453491,1.27422
1572.807569061571,1.31423
1572.860561099953,1.36722
1572.908558358103,1.41522
1573.198563633951,1.70522
1591.822571830613,0.329232
1591.867551455837,0.374211
1591.910552562831,0.417212
1591.962550906167,0.469211
1592.008567574427,0.515227
1592.103556160125,0.610216
1592.144564453491,0.651224
1592.184549441069,0.691209
1592.239573043609,0.746233
1592.302569028841,0.809229
1592.385562227363,0.892222
1592.425554430111,0.932214
1592.470558358103,0.977218
1592.524567370821,1.03123
1592.572567093513,1.07923
1592.615556380977,1.12222
1592.664561099953,1.17122
1592.743564615469,1.25022
1592.804569061571,1.31123
1592.889563633951,1.39622
1592.932562415545,1.43922
1593.003569007645,1.51023
1593.065562574877,1.57222
1611.728552562831,0.235212
1611.779564615469,0.286224
1611.823561256039,0.330221
1611.863561099953,0.370221
1611.915556720169,0.422217
1611.956567370821,0.463227
1612.008569028841,0.515229
1612.055556160125,0.562216
1612.111567093513,0.618227
1612.154562574877,0.661222
1612.194569061571,0.701229
1612.234564453491,0.741224
1612.277569007645,0.784229
1612.322554332387,0.829214
1612.398562415545,0.905222
1612.445550906167,0.952211
1612.488563633951,0.995223
1612.528556380977,1.03522
1612.594573043609,1.10123
1612.644554430111,1.15121
1612.736562227363,1.24322
1612.794551455837,1.30121
1612.880549441069,1.38721
1612.942554003005,1.44921
1612.995571830613,1.50223
1613.097558358103,1.60422
1613.169567574427,1.67623
1631.667554003005,0.174214
1631.717571830613,0.224232
1631.758561256039,0.265221
1631.803569007645,0.310229
1631.843564615469,0.350224
1631.885552562831,0.392212
1631.927563633951,0.434223
1631.994558358103,0.501218
1632.038549441069,0.545209
1632.081564453491,0.588224
1632.121551455837,0.628211
1632.165567370821,0.672227
1632.212569028841,0.719229
1632.257562415545,0.764222
1632.313562227363,0.820222
1632.368550906167,0.875211
1632.416554332387,0.923214
1632.461556380977,0.968216
1632.502556160125,1.00922
1632.556567093513,1.06323
1632.597561099953,1.10422
1632.654569061571,1.16123
1632.700562574877,1.20722
1632.757567574427,1.26423
1632.855573043609,1.36223
1632.927554430111,1.43421
1633.097556720169,1.60422
1651.678561099953,0.185221
1651.722567574427,0.229227
1651.776562227363,0.283222
1651.820551455837,0.327211
1651.871569061571,0.378229
1651.913567370821,0.420227
1651.955558358103,0.462218
1652.018564615469,0.525224
1652.062554430111,0.569214
1652.108550906167,0.615211
1652.164569028841,0.671229
1652.215571830613,0.722232
1652.263564453491,0.770224
1652.311569007645,0.818229
1652.363563633951,0.870223
1652.452549441069,0.959209
1652.508561256039,1.01522
1652.584562574877,1.09122
1652.626554332387,1.13321
1652.671552562831,1.17821
1652.713556720169,1.22022
1652.778554003005,1.28521
1652.858567093513,1.36523
1653.108556380977,1.61522
1653.368573043609,1.87523
1671.621567574427,0.128227
1671.661551455837,0.168211
1671.701554430111,0.208214
1671.743569028841,0.250229
1671.785561256039,0.292221
1671.825554003005,0.332214
1671.872556160125,0.379216
1671.914562574877,0.421222
1671.956562227363,0.463222
1671.999564615469,0.506224
1672.040556720169,0.547217
1672.083573043609,0.590233
1672.126569007645,0.633229
1672.210552562831,0.717212
1672.250564453491,0.757224
1672.315571830613,0.822232
1672.357558358103,0.864218
1672.399550906167,0.906211
1672.440561099953,0.947221
1672.482567093513,0.989227
1672.531549441069,1.03821
1672.599562415545,1.10622
1672.685554332387,1.19221
1672.762567370821,1.26923
1672.858563633951,1.36522
1691.631558358103,0.138218
1691.681556720169,0.188217
1691.723551455837,0.230211
1691.772562415545,0.279222
1691.826567093513,0.333227
1691.868567574427,0.375227
1691.920567370821,0.427227
1691.960550906167,0.467211
1692.065554430111,0.572214
1692.105556160125,0.612216
1692.147563633951,0.654223
1692.198549441069,0.705209
1692.242571830613,0.749232
1692.288573043609,0.795233
1692.344556380977,0.851216
1692.438569028841,0.945229
1692.480554332387,0.987214
1692.527564615469,1.03422
1692.577561256039,1.08422
1692.643552562831,1.15021
1692.828561099953,1.33522
1711.755558358103,0.262218
1711.847556380977,0.354216
1711.895554003005,0.402214
1711.935561099953,0.442221
1711.975552562831,0.482212
1712.028562227363,0.535222
1712.122567093513,0.629227
1712.162563633951,0.669223
1712.202554332387,0.709214
1712.243571830613,0.750232
1712.297567574427,0.804227
1712.338564453491,0.845224
1712.397569061571,0.904229
1712.457569028841,0.964229
1712.508556720169,1.01522
1712.562549441069,1.06921
1712.617554430111,1.12421
1712.682567370821,1.18923
1712.734551455837,1.24121
1712.851556160125,1.35822
1712.931569007645,1.43823
1713.030564615469,1.53722
1713.164573043609,1.67123
1731.683562574877,0.190222
1731.724551455837,0.231211
1731.766549441069,0.273209
1731.807567574427,0.314227
1731.847569028841,0.354229
1731.895569007645,0.402229
1731.941564615469,0.448224
1731.983561256039,0.490221
1732.025556160125,0.532216
1732.066567093513,0.573227
1732.120558358103,0.627218
1732.169569061571,0.676229
1732.235567370821,0.742227
1732.285554430111,0.792214
1732.332554003005,0.839214
1732.392556380977,0.899216
1732.444554332387,0.951214
1732.485573043609,0.992233
1732.557552562831,1.06421
1732.643550906167,1.15021
1732.687563633951,1.19422
1732.759564453491,1.26622
1732.813561099953,1.32022
1732.869562415545,1.37622
1732.964562227363,1.47122
1733.005571830613,1.51223
1733.185556720169,1.69222
1751.745556720169,0.252217
1751.787552562831,0.294212
1751.833554332387,0.340214
1751.882563633951,0.389223
1751.923571830613,0.430232
1751.968550906167,0.475211
1752.009569007645,0.516229
1752.055561256039,0.562221
1752.109569061571,0.616229
1752.150561099953,0.657221
1752.242556380977,0.749216
1752.288554003005,0.795214
1752.335567370821,0.842227
1752.376573043609,0.883233
1752.418562227363,0.925222
1752.469554430111,0.976214
1752.521562574877,1.02822
1752.570549441069,1.07721
1752.634564615469,1.14122
1752.679567093513,1.18623
1752.728567574427,1.23523
1752.787564453491,1.29422
1752.832569028841,1.33923
1752.891556160125,1.39822
1753.057558358103,1.56422
1771.739564615469,0.246224
1771.782563633951,0.289223
1771.834558358103,0.341218
1771.878573043609,0.385233
1771.927562574877,0.434222
1771.969562227363,0.476222
1772.067569028841,0.574229
1772.109549441069,0.616209
1772.154556720169,0.661217
1772.194567370821,0.701227
1772.234554430111,0.741214
1772.297567093513,0.804227
1772.343552562831,0.850212
1772.388564453491,0.895224
1772.428550906167,0.935211
1772.482551455837,0.989211
1772.528569061571,1.03523
1772.590556380977,1.09722
1772.630561256039,1.13722
1772.676554003005,1.18321
1772.730562415545,1.23722
1772.799561099953,1.30622
1772.867556160125,1.37422
1772.959569007645,1.46623
1773.099571830613,1.60623
1791.670569061571,0.177229
1791.719554430111,0.226214
1791.761554332387,0.268214
1791.803556720169,0.310217
1791.887552562831,0.394212
1791.937561256039,0.444221
1791.986567574427,0.493227
1792.053551455837,0.560211
1792.093569028841,0.600229
1792.147556380977,0.654216
1792.225550906167,0.732211
1792.265567370821,0.772227
1792.331569007645,0.838229
1792.377562415545,0.884222
1792.434573043609,0.941233
1792.488556160125,0.995216
1792.536567093513,1.04323
1792.589562574877,1.09622
1792.630564615469,1.13722
1792.711561099953,1.21822
1792.754564453491,1.26122
1792.832571830613,1.33923
1792.897558358103,1.40422
1793.003549441069,1.51021
1793.071554003005,1.57821
1811.825573043609,0.332233
1811.874567574427,0.381227
1811.920567370821,0.427227
1811.965556380977,0.472216
1812.013558358103,0.520218
1812.053562574877,0.560222
1812.149564615469,0.656224
1812.191563633951,0.698223
1812.235554003005,0.742214
1812.290551455837,0.797211
1812.330554430111,0.837214
1812.373556160125,0.880216
1812.429562415545,0.936222
1812.475569061571,0.982229
1812.524562227363,1.03122
1812.592561256039,1.09922
1812.655571830613,1.16223
1812.703554332387,1.21021
1812.751569028841,1.25823
1812.818564453491,1.32522
1812.887550906167,1.39421
1812.968556720169,1.47522
1813.062549441069,1.56921
1813.110567093513,1.61723
1813.171569007645,1.67823
1831.717562227363,0.224222
1831.763569061571,0.270229
1831.808569007645,0.315229
1831.896567093513,0.403227
1832.028556380977,0.535216
1832.074561256039,0.581221
1832.117558358103,0.624218
1832.179561099953,0.686221
1832.222556160125,0.729216
1832.268563633951,0.775223
1832.310573043609,0.817233
1832.406550906167,0.913211
1832.447571830613,0.954232
1832.524562415545,1.03122
1832.624564615469,1.13122
1832.677569028841,1.18423
1832.751552562831,1.25821
1832.861562574877,1.36822
1832.902554003005,1.40921
1851.794569061571,0.301229
1851.853567370821,0.360227
1851.904558358103,0.411218
1851.963550906167,0.470211
1852.003551455837,0.510211
1852.046562227363,0.553222
1852.087561256039,0.594221
1852.191569007645,0.698229
1852.232554430111,0.739214
1852.280556160125,0.787216
1852.348554332387,0.855214
1852.388567574427,0.895227
1852.441554003005,0.948214
1852.491563633951,0.998223
1852.534562415545,1.04122
1852.601549441069,1.10821
1852.665573043609,1.17223
1852.731564453491,1.23822
1852.781564615469,1.28822
1852.821569028841,1.32823
1852.867571830613,1.37423
1852.931567093513,1.43823
1852.998552562831,1.50521
1853.051556380977,1.55822
1853.265562574877,1.77222
1871.699554332387,0.206214
1871.747567574427,0.254227
1871.792549441069,0.299209
1871.843573043609,0.350233
1871.884571830613,0.391232
1871.927562574877,0.434222
1871.969569028841,0.476229
1872.009551455837,0.516211
1872.054556720169,0.561217
1872.107564453491,0.614224
1872.151567370821,0.658227
1872.198554003005,0.705214
1872.241550906167,0.748211
1872.281556160125,0.788216
1872.400569007645,0.907229
1872.468564615469,0.975224
1872.513558358103,1.02022
1872.569556380977,1.07622
1872.611552562831,1.11821
1872.652554430111,1.15921
1872.728561099953,1.23522
1872.823567093513,1.33023
1872.884563633951,1.39122
1873.026562227363,1.53322
1873.234561256039,1.74122
1891.821562415545,0.328222
1891.903552562831,0.410212
1891.948551455837,0.455211
1891.990571830613,0.497232
1892.036567370821,0.543227
1892.094569061571,0.601229
1892.137561099953,0.644221
1892.179556380977,0.686216
1892.242563633951,0.749223
1892.298556720169,0.805217
1892.346562574877,0.853222
1892.389558358103,0.896218
1892.431569028841,0.938229
1892.476561256039,0.983221
1892.520554003005,1.02721
1892.601554430111,1.10821
1892.646550906167,1.15321
1892.694564615469,1.20122
1892.738573043609,1.24523
1892.780554332387,1.28721
1892.866556160125,1.37322
1892.939564453491,1.44622
1893.098569007645,1.60523
1911.625562227363,0.132222
1911.677569007645,0.184229
1911.721554430111,0.228214
1911.768564615469,0.275224
1911.810561256039,0.317221
1911.857554332387,0.364214
1911.900554003005,0.407214
1911.941567093513,0.448227
1911.993571830613,0.500232
1912.036550906167,0.543211
1912.079562574877,0.586222
1912.129551455837,0.636211
1912.176569061571,0.683229
1912.224552562831,0.731212
1912.269567370821,0.776227
1912.318556380977,0.825216
1912.358556160125,0.865216
1912.408556720169,0.915217
1912.481573043609,0.988233
1912.525564453491,1.03222
1912.568561099953,1.07522
1912.609562415545,1.11622
1912.658558358103,1.16522
1912.720569028841,1.22723
1912.787563633951,1.29422
1912.877549441069,1.38421
1912.964567574427,1.47123
1931.757554003005,0.264214
1931.800563633951,0.307223
1931.840562415545,0.347222
1931.883569007645,0.390229
1931.946554332387,0.453214
1931.986567574427,0.493227
1932.030549441069,0.537209
1932.070564453491,0.577224
1932.112554430111,0.619214
1932.154569028841,0.661229
1932.196561099953,0.703221
1932.257556380977,0.764216
1932.299556720169,0.806217
1932.366550906167,0.873211
1932.410571830613,0.917232
1932.472562574877,0.979222
1932.570551455837,1.07721
1932.649573043609,1.15623
1932.773562227363,1.28022
1932.831564615469,1.33822
1932.921567093513,1.42823
1933.011569061571,1.51823
1933.114556160125,1.62122
1951.716562574877,0.223222
1951.760558358103,0.267218
1951.800563633951,0.307223
1951.841552562831,0.348212
1951.883562227363,0.390222
1951.938550906167,0.445211
1951.988571830613,0.495232
1952.031561099953,0.538221
1952.088562415545,0.595222
1952.142569061571,0.649229
1952.183567370821,0.690227
1952.229554430111,0.736214
1952.277569028841,0.784229
1952.317556720169,0.824217
1952.360564453491,0.867224
1952.441573043609,0.948233
1952.481554332387,0.988214
1952.525549441069,1.03221
1952.570556380977,1.07722
1952.615567093513,1.12223
1952.703564615469,1.21022
1952.829556160125,1.33622
1952.883561256039,1.39022
1952.942551455837,1.44921
1953.087569007645,1.59423
1971.716556160125,0.223216
1971.763558358103,0.270218
1971.845550906167,0.352211
1971.889567093513,0.396227
1971.930567574427,0.437227
1971.976564453491,0.483224
1972.023556720169,0.530217
1972.082554003005,0.589214
1972.124562574877,0.631222
1972.168563633951,0.675223
1972.224571830613,0.731232
1972.268569007645,0.775229
1972.310573043609,0.817233
1972.364569061571,0.871229
1972.408564615469,0.915224
1972.449556380977,0.956216
1972.489567370821,0.996227
1972.564562227363,1.07122
1972.610569028841,1.11723
1972.654551455837,1.16121
1972.724554430111,1.23121
1972.773561099953,1.28022
1972.831562415545,1.33822
1972.876561256039,1.38322
1973.053552562831,1.56021
1991.758567574427,0.265227
1991.808563633951,0.315223
1991.848549441069,0.355209
1991.888561256039,0.395221
1991.931561099953,0.438221
1991.971554003005,0.478214
1992.019551455837,0.526211
1992.076573043609,0.583233
1992.141571830613,0.648232
1992.190567370821,0.697227
1992.232554332387,0.739214
1992.277569028841,0.784229
1992.323567093513,0.830227
1992.372556160125,0.879216
1992.413569061571,0.920229
1992.454564615469,0.961224
1992.500562227363,1.00722
1992.547569007645,1.05423
1992.590558358103,1.09722
1992.632550906167,1.13921
1992.683554430111,1.19021
1992.742562574877,1.24922
1992.804562415545,1.31122
1992.883564453491,1.39022
1992.958556720169,1.46522
1993.000556380977,1.50722
1993.131552562831,1.63821
